Player,KEN
Michael Jordan,42.05223880597015
LeBron James,40.63692038495188
Kareem Abdul-Jabbar,40.582692307692305
Larry Bird,40.08361204013378
Karl Malone,37.83875338753388
Anthony Davis,37.52439024390244
Kevin Durant,37.2970168612192
Hakeem Olajuwon,37.218901453958
Shaquille O'Neal,37.1847555923778
Charles Barkley,36.97856477166822
